numerous,people,philippine,experience,lack,opportunity,educated,however,everyone,loses,hope,finish,study,regardless,factor,might,would,stop,education,the,department,created,program,help,out,school,youth,adult,osya,give,knowledge,already,acquired,this,called,alternative,learning,system,researcher,implemented,application,aim,al,student,teacher,better,way,serf,management,specifically,made,turo,web,mobile,based,aspect,material,used,php,laravel,javascript,html,cs,development,accessed,general,admin,main,deped,whole,regional,admins,per,region,aside,also,user,access,dart,flutter,for,interface,database,mysql,workbench,iii
0.0,0.0,-0.010009536812300612,0.0,0.0,-0.004210209729566171,0.0,0.0,0.0,0.0,0.0,-0.004210209729566171,-0.010009536812300612,0.0,0.0,0.0,-0.010009536812300612,0.0,-0.004210209729566171,-0.016840838918264683,0.0,0.0,-0.024439510641119537,-0.010009536812300612,0.0,0.0,0.0,0.0,0.0,0.0,0.0,0.0,0.0,0.0,-0.004210209729566171,0.0,-0.016840838918264683,-0.010009536812300612,-0.016840838918264683,0.0,-0.024439510641119537,-0.004210209729566171,-0.010009536812300612,-0.010009536812300612,-0.004210209729566171,0.0,0.0,-0.010009536812300612,0.0,0.0,0.0,-0.010009536812300612,-0.010009536812300612,-0.004210209729566171,0.0,0.0,0.0,-0.010009536812300612,0.0,0.0,0.0,0.0,0.0,-0.010009536812300612,-0.004210209729566171,-0.004210209729566171,-0.010009536812300612,0.0,0.0,0.0,-0.004210209729566171,-0.004210209729566171,0.0,0.0,0.0,-0.004210209729566171,-0.004210209729566171,0.0,0.0,0.0,0.0,0.0,0.0,0.0,0.0,0.0
